bfe_per,bp,ent_3,ent_4,ent_5,ent_6,ent_7,ent_8,gc_perentage,kfe_per,name,seq
5746.78766189,41_40_39_38_37_36_35_34_33_0_60_59_58_57_56_55_26_25_24_23_22_21_20_19_18_17_0_53_52_51_50_49_9_8_7_6_5_4_3_2_1_0_0_0_0_0_0_0_32_31_30_29_28_0_16_15_14_13_12_11_0,0.894101309611,0.982340626242,1.0,1.0,1.0,1.0,0.475409836066,1.00008401957,PDB_01260.ct,ACGUAGAGCAAACCAGUUGGCGCCAAUAGUGUGCUCUACGUUCACAUAACACUACUGGUUC
5290.88353931,41_40_39_38_37_36_35_34_33_0_60_59_58_57_56_55_26_25_24_23_22_21_20_19_18_17_0_53_52_51_50_49_9_8_7_6_5_4_3_2_1_0_0_0_0_0_0_0_32_31_30_29_28_0_16_15_14_13_12_11_0,0.800089634554,0.929362504967,0.969922526215,0.987700326158,1.0,1.0,0.27868852459,1.00000100021,PDB_01260.ct,UCGAGAGGUUUUAUUUGAUAAUUAUCAUAUAGACCUCUCGAAAUAUCGCUAUAGAAAUAAU
5747.05167051,41_40_39_38_37_36_35_34_33_0_60_59_58_57_56_55_26_25_24_23_22_21_20_19_18_17_0_53_52_51_50_49_9_8_7_6_5_4_3_2_1_0_0_0_0_0_0_0_32_31_30_29_28_0_16_15_14_13_12_11_0,0.866701614298,0.947021878725,0.981953515729,0.993850163079,1.0,1.0,0.508196721311,1.0001080202,PDB_01260.ct,CAAACGCUCAAGCCGGAUUAAUUAAUGCAAAGGAGCGUUUGCACUAGGCUUUGGCCGGCUG
4902.00997216,41_40_39_38_37_36_35_34_33_0_60_59_58_57_56_55_26_25_24_23_22_21_20_19_18_17_0_53_52_51_50_49_9_8_7_6_5_4_3_2_1_0_0_0_0_0_0_0_32_31_30_29_28_0_16_15_14_13_12_11_0,0.879638912679,0.968345903645,0.993984505243,1.0,1.0,1.0,0.360655737705,1.0000330064,PDB_01260.ct,AAUCCGUGGAAAAGUGAUAUGCAUAUCCUAAUCCACGGAUUAUUCGACAUUAGUCACUUUA
7091.63810604,41_40_39_38_37_36_35_34_33_0_60_59_58_57_56_55_26_25_24_23_22_21_20_19_18_17_0_53_52_51_50_49_9_8_7_6_5_4_3_2_1_0_0_0_0_0_0_0_32_31_30_29_28_0_16_15_14_13_12_11_0,0.886163889625,0.982340626242,1.0,1.0,1.0,1.0,0.475409836066,1.00009302046,PDB_01260.ct,UGUCAAGAUACACAGGCUCCUAGGAGACAGAAAUCUUGACAUAGCGCUUUCUGACCUGUGG
4926.01981256,41_40_39_38_37_36_35_34_33_0_60_59_58_57_56_55_26_25_24_23_22_21_20_19_18_17_0_53_52_51_50_49_9_8_7_6_5_4_3_2_1_0_0_0_0_0_0_0_32_31_30_29_28_0_16_15_14_13_12_11_0,0.860939186627,0.976454168322,0.993984505243,1.0,1.0,1.0,0.540983606557,1.00010202255,PDB_01260.ct,UACAGUCCCCUCGUUCGUUACGUAACGUCGGAGGGACUGUACUAGCCUUCCGAAGAACGAC
4166.62923177,41_40_39_38_37_36_35_34_33_0_60_59_58_57_56_55_26_25_24_23_22_21_20_19_18_17_0_53_52_51_50_49_9_8_7_6_5_4_3_2_1_0_0_0_0_0_0_0_32_31_30_29_28_0_16_15_14_13_12_11_0,0.826960473186,0.924624964508,0.973667510066,0.987700326158,1.0,1.0,0.573770491803,1.00007301818,PDB_01260.ct,UUUCGCGCGGAUAAAGGAUGCGCAUCGCGCUCCGCGCGAAAUGGACCAGAGCGGCUUUAUA
8264.64449671,41_40_39_38_37_36_35_34_33_0_60_59_58_57_56_55_26_25_24_23_22_21_20_19_18_17_0_53_52_51_50_49_9_8_7_6_5_4_3_2_1_0_0_0_0_0_0_0_32_31_30_29_28_0_16_15_14_13_12_11_0,0.811139674395,0.923476047047,0.981953515729,1.0,1.0,1.0,0.27868852459,1.00009200911,PDB_01260.ct,AAUUCUAUUUAUUGCCAAAUUAAUUUUAUGACAAUAGAAUUGCGGCUUGUCAUAGGCAAUA
5101.77038861,41_40_39_38_37_36_35_34_33_0_60_59_58_57_56_55_26_25_24_23_22_21_20_19_18_17_0_53_52_51_50_49_9_8_7_6_5_4_3_2_1_0_0_0_0_0_0_0_32_31_30_29_28_0_16_15_14_13_12_11_0,0.88398889731,0.976454168322,0.993984505243,1.0,1.0,1.0,0.44262295082,1.00006801694,PDB_01260.ct,CCCGAUUCCAAAAUGAAGAGUACUCUUAGUCCGGAAUCGGGAAGACUUGGACUGUCAUUUU
5208.1925828,41_40_39_38_37_36_35_34_33_0_60_59_58_57_56_55_26_25_24_23_22_21_20_19_18_17_0_53_52_51_50_49_9_8_7_6_5_4_3_2_1_0_0_0_0_0_0_0_32_31_30_29_28_0_16_15_14_13_12_11_0,0.876051477324,0.950686529887,0.987969010486,1.0,1.0,1.0,0.459016393443,1.00007201577,PDB_01260.ct,ACUACAACUUGCAAUGGCGUGCACGCUCCAUUAGUUGUAGUACGGACUAAUGGUCAUUGCA
4651.25109012,41_40_39_38_37_36_35_34_33_0_60_59_58_57_56_55_26_25_24_23_22_21_20_19_18_17_0_53_52_51_50_49_9_8_7_6_5_4_3_2_1_0_0_0_0_0_0_0_32_31_30_29_28_0_16_15_14_13_12_11_0,0.846951605196,0.935248962886,0.981953515729,0.993850163079,1.0,1.0,0.573770491803,1.00015903118,PDB_01260.ct,UUCCAAAGCAGCGCCCAUCAGCUGAUCCAGCAGCUUUGGAACUAGGUUUGCUGCGGGCGCU
3048.94214407,41_40_39_38_37_36_35_34_33_0_60_59_58_57_56_55_26_25_24_23_22_21_20_19_18_17_0_53_52_51_50_49_9_8_7_6_5_4_3_2_1_0_0_0_0_0_0_0_32_31_30_29_28_0_16_15_14_13_12_11_0,0.815489659025,0.938913614048,0.987969010486,1.0,1.0,1.0,0.72131147541,1.00015704319,PDB_01260.ct,CCCCUUAACCGGCCACGCCGCGCGGCCCGAGGGUUAAGGGGAGGUCCACCUCGAGUGGCCA
4273.48738268,41_40_39_38_37_36_35_34_33_0_60_59_58_57_56_55_26_25_24_23_22_21_20_19_18_17_0_53_52_51_50_49_9_8_7_6_5_4_3_2_1_0_0_0_0_0_0_0_32_31_30_29_28_0_16_15_14_13_12_11_0,0.811252329905,0.941135420806,0.981953515729,1.0,1.0,1.0,0.508196721311,1.0001080257,PDB_01260.ct,CGAGCAGCUAAGCAUACUAUGCAUAGACUGCCAGCUGCUCGGAUGACAGGCAGAUAUGCUU
6023.91543012,41_40_39_38_37_36_35_34_33_0_60_59_58_57_56_55_26_25_24_23_22_21_20_19_18_17_0_53_52_51_50_49_9_8_7_6_5_4_3_2_1_0_0_0_0_0_0_0_32_31_30_29_28_0_16_15_14_13_12_11_0,0.872464041968,0.958794794564,0.987969010486,0.993850163079,1.0,1.0,0.426229508197,1.00005601098,PDB_01260.ct,ACGUUGUCGAGUAGUACUUUUAAAAGGAUACGCGACAACGUUGCUGUCCGUAUCUACUACA
3636.24715909,41_40_39_38_37_36_35_34_33_0_60_59_58_57_56_55_26_25_24_23_22_21_20_19_18_17_0_53_52_51_50_49_9_8_7_6_5_4_3_2_1_0_0_0_0_0_0_0_32_31_30_29_28_0_16_15_14_13_12_11_0,0.854126475906,0.964681252483,0.993984505243,1.0,1.0,1.0,0.655737704918,1.00009202826,PDB_01260.ct,GCCGUCCCAUGUUGUGCCAGGCCUGGAGGCAAUGGGACGGCCUCGGGAUUGCCCCACAACU
3278.98027664,41_40_39_38_37_36_35_34_33_0_60_59_58_57_56_55_26_25_24_23_22_21_20_19_18_17_0_53_52_51_50_49_9_8_7_6_5_4_3_2_1_0_0_0_0_0_0_0_32_31_30_29_28_0_16_15_14_13_12_11_0,0.823139345237,0.930805349371,0.993984505243,1.0,1.0,1.0,0.55737704918,1.00012302657,PDB_01260.ct,CGCGACCAUGUGUCGUUACAUAUGUAACCCACAUGGUCGCGCGCCAUAGUGGGCACGACAU
5649.18037095,41_40_39_38_37_36_35_34_33_0_60_59_58_57_56_55_26_25_24_23_22_21_20_19_18_17_0_53_52_51_50_49_9_8_7_6_5_4_3_2_1_0_0_0_0_0_0_0_32_31_30_29_28_0_16_15_14_13_12_11_0,0.851589323601,0.952908336644,1.0,1.0,1.0,1.0,0.44262295082,1.00002300626,PDB_01260.ct,CGAUGACGUUAUGUAACCGGCGCCGGAAUGUUACGUCAUCGAACUAUUAACAUCUUACAUG
4831.03378937,41_40_39_38_37_36_35_34_33_0_60_59_58_57_56_55_26_25_24_23_22_21_20_19_18_17_0_53_52_51_50_49_9_8_7_6_5_4_3_2_1_0_0_0_0_0_0_0_32_31_30_29_28_0_16_15_14_13_12_11_0,0.899863737282,0.988227084161,1.0,1.0,1.0,1.0,0.55737704918,1.00012402269,PDB_01260.ct,UUGAAGGGGCCGUUGCAUUUUAAAAUCCGGAGCCCCUUCAAGUCUCGGCUCCGAGCAACGC
4255.37865691,41_40_39_38_37_36_35_34_33_0_60_59_58_57_56_55_26_25_24_23_22_21_20_19_18_17_0_53_52_51_50_49_9_8_7_6_5_4_3_2_1_0_0_0_0_0_0_0_32_31_30_29_28_0_16_15_14_13_12_11_0,0.88398889731,0.982340626242,0.993984505243,1.0,1.0,1.0,0.459016393443,1.00006001326,PDB_01260.ct,AAACUGAUGACGACUAACCCGCGGGUGUAUGUCAUCAGUUUGAAUACGACAUAGUAGUCGG
7245.80402124,41_40_39_38_37_36_35_34_33_0_60_59_58_57_56_55_26_25_24_23_22_21_20_19_18_17_0_53_52_51_50_49_9_8_7_6_5_4_3_2_1_0_0_0_0_0_0_0_32_31_30_29_28_0_16_15_14_13_12_11_0,0.891926317296,0.970567710403,0.993984505243,1.0,1.0,1.0,0.55737704918,1.00013802995,PDB_01260.ct,CCUUCAGCGCAGGCCCUAUGUACAUAUUGAGUCGCUGAAGGCAACCUCACUCACGGGCCUU
4925.98556071,41_40_39_38_37_36_35_34_33_0_60_59_58_57_56_55_26_25_24_23_22_21_20_19_18_17_0_53_52_51_50_49_9_8_7_6_5_4_3_2_1_0_0_0_0_0_0_0_32_31_30_29_28_0_16_15_14_13_12_11_0,0.84865178201,0.952908336644,0.981953515729,1.0,1.0,1.0,0.508196721311,1.0000750171,PDB_01260.ct,CUCGCCUUCAGACGAUCGUUAUAACGCGUUGAGAAGGCGAGCGAGAAAUCAACAAUCGUCG
6578.45382431,41_40_39_38_37_36_35_34_33_0_60_59_58_57_56_55_26_25_24_23_22_21_20_19_18_17_0_53_52_51_50_49_9_8_7_6_5_4_3_2_1_0_0_0_0_0_0_0_32_31_30_29_28_0_16_15_14_13_12_11_0,0.827777063642,0.938913614048,0.981953515729,1.0,1.0,1.0,0.393442622951,1.00002300522,PDB_01260.ct,CGACACGAGUUAUACACGUAAUUACGAAAAACCUCGUGUCGAUAGCUCGUUUUUUGUAUAG
3205.29804865,41_40_39_38_37_36_35_34_33_0_60_59_58_57_56_55_26_25_24_23_22_21_20_19_18_17_0_53_52_51_50_49_9_8_7_6_5_4_3_2_1_0_0_0_0_0_0_0_32_31_30_29_28_0_16_15_14_13_12_11_0,0.874639034284,0.956572987806,0.987969010486,0.993850163079,1.0,1.0,0.606557377049,1.00011703031,PDB_01260.ct,GCUUUGCUCGGAGCGUCAGGGCCCUGGGUUGCGAGCAAAGCUUCAAGAGCAACCACGCUCU
5262.81044408,41_40_39_38_37_36_35_34_33_0_60_59_58_57_56_55_26_25_24_23_22_21_20_19_18_17_0_53_52_51_50_49_9_8_7_6_5_4_3_2_1_0_0_0_0_0_0_0_32_31_30_29_28_0_16_15_14_13_12_11_0,0.873876485008,0.962459445726,0.987969010486,0.993850163079,1.0,1.0,0.491803278689,1.0000660169,PDB_01260.ct,AGUCUGCGCUCUCAGCCUUCCGGAAGAUUAUAGCGCAGACUGGCUUAUUAUAACGCUGAGU
3508.84566886,41_40_39_38_37_36_35_34_33_0_60_59_58_57_56_55_26_25_24_23_22_21_20_19_18_17_0_53_52_51_50_49_9_8_7_6_5_4_3_2_1_0_0_0_0_0_0_0_32_31_30_29_28_0_16_15_14_13_12_11_0,0.881813904994,0.982340626242,1.0,1.0,1.0,1.0,0.524590163934,1.0000640169,PDB_01260.ct,AGAGAGCCCAUUGUUCACAGCGCUGUGGACAUGGGCUCUCUUUCGUGCAUGUCUGAACAAC
5555.63324653,41_40_39_38_37_36_35_34_33_0_60_59_58_57_56_55_26_25_24_23_22_21_20_19_18_17_0_53_52_51_50_49_9_8_7_6_5_4_3_2_1_0_0_0_0_0_0_0_32_31_30_29_28_0_16_15_14_13_12_11_0,0.855826652721,0.950686529887,0.987969010486,0.993850163079,1.0,1.0,0.459016393443,1.00009901644,PDB_01260.ct,UGAUUCGAUCAGACUGCAUAUAUAUGCCAGAGAUCGAAUCAAGCUCACCUCUGGCAGUCUG
6666.19322917,41_40_39_38_37_36_35_34_33_0_60_59_58_57_56_55_26_25_24_23_22_21_20_19_18_17_0_53_52_51_50_49_9_8_7_6_5_4_3_2_1_0_0_0_0_0_0_0_32_31_30_29_28_0_16_15_14_13_12_11_0,0.80226462687,0.922697084694,0.969922526215,0.993850163079,1.0,1.0,0.27868852459,0.999992998453,PDB_01260.ct,UAGUGACACAUAAAAAUGCAAUUGCAAUAAUGGUGUCACUAAAAGUUGCAUUAUUUUUUAG
4784.93325119,41_40_39_38_37_36_35_34_33_0_60_59_58_57_56_55_26_25_24_23_22_21_20_19_18_17_0_53_52_51_50_49_9_8_7_6_5_4_3_2_1_0_0_0_0_0_0_0_32_31_30_29_28_0_16_15_14_13_12_11_0,0.891926317296,0.958794794564,0.981953515729,1.0,1.0,1.0,0.491803278689,1.00012902039,PDB_01260.ct,UUAAGAAAUCGGUCCUCACGAUCGUGGUGAGGAUUUCUUAAGUUGGAGCCUCAGAGGACCG
5952.05960805,41_40_39_38_37_36_35_34_33_0_60_59_58_57_56_55_26_25_24_23_22_21_20_19_18_17_0_53_52_51_50_49_9_8_7_6_5_4_3_2_1_0_0_0_0_0_0_0_32_31_30_29_28_0_16_15_14_13_12_11_0,0.897688744967,0.964681252483,0.981953515729,1.0,1.0,1.0,0.508196721311,1.00010602354,PDB_01260.ct,ACACACAGGCGGGGCAAUGACGUCAUCUUCUUCCUGUGUGUAUUGUCUAAGAACUGCCCCA
5847.85385349,41_40_39_38_37_36_35_34_33_0_60_59_58_57_56_55_26_25_24_23_22_21_20_19_18_17_0_53_52_51_50_49_9_8_7_6_5_4_3_2_1_0_0_0_0_0_0_0_32_31_30_29_28_0_16_15_14_13_12_11_0,0.787514496163,0.887378337177,0.951876041944,0.975400652315,0.981130579224,0.987128493121,0.524590163934,1.00011102087,PDB_01260.ct,UUAACACGACGAGAACACGACGUCGUCAGUCCUCGUGUUAACGUUCAGGGACUCGUUCUCG
7999.25625,41_40_39_38_37_36_35_34_33_0_60_59_58_57_56_55_26_25_24_23_22_21_20_19_18_17_0_53_52_51_50_49_9_8_7_6_5_4_3_2_1_0_0_0_0_0_0_0_32_31_30_29_28_0_16_15_14_13_12_11_0,0.84865178201,0.964681252483,0.993984505243,1.0,1.0,1.0,0.475409836066,1.0000610133,PDB_01260.ct,ACGUGUCUCCCAAUCAAUUCCGGAAUCUCACAGAGACACGUGCGUAUCUGUGACUGAUUGU
7352.66167339,41_40_39_38_37_36_35_34_33_0_60_59_58_57_56_55_26_25_24_23_22_21_20_19_18_17_0_53_52_51_50_49_9_8_7_6_5_4_3_2_1_0_0_0_0_0_0_0_32_31_30_29_28_0_16_15_14_13_12_11_0,0.835714483628,0.976454168322,1.0,1.0,1.0,1.0,0.360655737705,1.00007901375,PDB_01260.ct,AGUGGUUGUCGUCUUUAAAACGUUUUGGGUCAACAACCACUAAUUUAUUGACCAAAAGACA
6368.90463548,41_40_39_38_37_36_35_34_33_0_60_59_58_57_56_55_26_25_24_23_22_21_20_19_18_17_0_53_52_51_50_49_9_8_7_6_5_4_3_2_1_0_0_0_0_0_0_0_32_31_30_29_28_0_16_15_14_13_12_11_0,0.917151020294,0.988227084161,1.0,1.0,1.0,1.0,0.44262295082,1.00006301506,PDB_01260.ct,UGUUGGUACGGCUCAUCACGAUCGUGUAAAGAGUACCAACAACUGAAGUCUUUAAUGAGCG
4255.01263298,41_40_39_38_37_36_35_34_33_0_60_59_58_57_56_55_26_25_24_23_22_21_20_19_18_17_0_53_52_51_50_49_9_8_7_6_5_4_3_2_1_0_0_0_0_0_0_0_32_31_30_29_28_0_16_15_14_13_12_11_0,0.845064346655,0.935248962886,0.969922526215,0.987700326158,1.0,1.0,0.590163934426,1.00006501996,PDB_01260.ct,CAGUCUGCCUAGACUACCGGCGCCGGGGCAUUGGCAGACUGCGUAAGAAAUGCGUAGUCUG
3860.95752548,41_40_39_38_37_36_35_34_33_0_60_59_58_57_56_55_26_25_24_23_22_21_20_19_18_17_0_53_52_51_50_49_9_8_7_6_5_4_3_2_1_0_0_0_0_0_0_0_32_31_30_29_28_0_16_15_14_13_12_11_0,0.855176758956,0.952908336644,0.981953515729,0.993850163079,1.0,1.0,0.655737704918,1.00010802927,PDB_01260.ct,GCGACGUGUCCGAGAUAGCCUAGGCUCCCGAGACACGUCGCAAGCGACCUCGGCAUCUCGC
7352.41868167,41_40_39_38_37_36_35_34_33_0_60_59_58_57_56_55_26_25_24_23_22_21_20_19_18_17_0_53_52_51_50_49_9_8_7_6_5_4_3_2_1_0_0_0_0_0_0_0_32_31_30_29_28_0_16_15_14_13_12_11_0,0.884751446585,0.988227084161,0.993984505243,1.0,1.0,1.0,0.459016393443,1.00013102713,PDB_01260.ct,GUGUUACGUAUCCCCAUCACAUGUGAAGCUCAACGUAACACUAAAAGAUGAGCCUGGGGAU
4048.82186384,41_40_39_38_37_36_35_34_33_0_60_59_58_57_56_55_26_25_24_23_22_21_20_19_18_17_0_53_52_51_50_49_9_8_7_6_5_4_3_2_1_0_0_0_0_0_0_0_32_31_30_29_28_0_16_15_14_13_12_11_0,0.888338881941,0.970567710403,1.0,1.0,1.0,1.0,0.524590163934,1.00015902989,PDB_01260.ct,GUAGAAGUUGGCUCCCAACAGCUGUUUCCGAGAACUUCUACUUAGGUGCUCGGAGGGAGCU
3968.6189275,41_40_39_38_37_36_35_34_33_0_60_59_58_57_56_55_26_25_24_23_22_21_20_19_18_17_0_53_52_51_50_49_9_8_7_6_5_4_3_2_1_0_0_0_0_0_0_0_32_31_30_29_28_0_16_15_14_13_12_11_0,0.819839643656,0.935248962886,0.987969010486,1.0,1.0,1.0,0.393442622951,1.00007701232,PDB_01260.ct,GCAAAAAUAUACGGUAAGCAAUUGCUCACGUAUAUUUUUGCCGGUAGAUACGUUUACCGUC
3921.58823529,41_40_39_38_37_36_35_34_33_0_60_59_58_57_56_55_26_25_24_23_22_21_20_19_18_17_0_53_52_51_50_49_9_8_7_6_5_4_3_2_1_0_0_0_0_0_0_0_32_31_30_29_28_0_16_15_14_13_12_11_0,0.842889354339,0.950686529887,0.993984505243,1.0,1.0,1.0,0.622950819672,1.00013703426,PDB_01260.ct,GCACACAAAGUAGCCGAGGCGCGCCUUGCCAGUUUGUGUGCGCUGUAGCUGGCUCGGCUAG
6097.03672716,41_40_39_38_37_36_35_34_33_0_60_59_58_57_56_55_26_25_24_23_22_21_20_19_18_17_0_53_52_51_50_49_9_8_7_6_5_4_3_2_1_0_0_0_0_0_0_0_32_31_30_29_28_0_16_15_14_13_12_11_0,0.881813904994,0.952908336644,0.981953515729,0.993850163079,1.0,1.0,0.475409836066,1.0000660165,PDB_01260.ct,AAGAGCCUGUUCACGAGUGAGCUCACGAUAGUCAGGCUCUUUCGGUGUACUAUUUCGUGAA
5405.26478041,41_40_39_38_37_36_35_34_33_0_60_59_58_57_56_55_26_25_24_23_22_21_20_19_18_17_0_53_52_51_50_49_9_8_7_6_5_4_3_2_1_0_0_0_0_0_0_0_32_31_30_29_28_0_16_15_14_13_12_11_0,0.922913447965,0.982340626242,1.0,1.0,1.0,1.0,0.459016393443,1.00009301963,PDB_01260.ct,ACCACGAUACAGAAGUCCAUGCAUGGAUGAGCUAUCGUGGUUAAACGUGCUCAAACUUCUG
4366.7424308,41_40_39_38_37_36_35_34_33_0_60_59_58_57_56_55_26_25_24_23_22_21_20_19_18_17_0_53_52_51_50_49_9_8_7_6_5_4_3_2_1_0_0_0_0_0_0_0_32_31_30_29_28_0_16_15_14_13_12_11_0,0.820602192932,0.901373059774,0.95335051489,0.97922927172,0.987420386149,0.99356424656,0.426229508197,1.00001700417,PDB_01260.ct,UCGAGUUCUGAGAACAGCGCGCGCGCUUUUUUAGAACUCGAUAUAUGGAAAAACUGUUCUU
5618.07889244,41_40_39_38_37_36_35_34_33_0_60_59_58_57_56_55_26_25_24_23_22_21_20_19_18_17_0_53_52_51_50_49_9_8_7_6_5_4_3_2_1_0_0_0_0_0_0_0_32_31_30_29_28_0_16_15_14_13_12_11_0,0.891926317296,0.976454168322,0.993984505243,1.0,1.0,1.0,0.475409836066,1.00011301808,PDB_01260.ct,CAGAUAACUCCCAUUCGUUAAUUAACUGCGAGAGUUAUCUGUCCGUAGCUCGCCGAAUGGC
5555.52213542,41_40_39_38_37_36_35_34_33_0_60_59_58_57_56_55_26_25_24_23_22_21_20_19_18_17_0_53_52_51_50_49_9_8_7_6_5_4_3_2_1_0_0_0_0_0_0_0_32_31_30_29_28_0_16_15_14_13_12_11_0,0.872464041968,0.956572987806,0.993984505243,1.0,1.0,1.0,0.44262295082,1.00009901842,PDB_01260.ct,AGUUAUUGUCGAUCGUCCAGUACUGGGACCUGACAAUAACUGUUAACCCAGGUAACGAUCU
5208.08841614,41_40_39_38_37_36_35_34_33_0_60_59_58_57_56_55_26_25_24_23_22_21_20_19_18_17_0_53_52_51_50_49_9_8_7_6_5_4_3_2_1_0_0_0_0_0_0_0_32_31_30_29_28_0_16_15_14_13_12_11_0,0.846476789694,0.941135420806,0.981953515729,1.0,1.0,1.0,0.491803278689,1.0001050251,PDB_01260.ct,AGCAAAGCUAUUGGCAUGGCCGGCCAAUCCGAAGCUUUGCUUUAAUACUCGGAUUGCCAAG
7575.61362744,41_40_39_38_37_36_35_34_33_0_60_59_58_57_56_55_26_25_24_23_22_21_20_19_18_17_0_53_52_51_50_49_9_8_7_6_5_4_3_2_1_0_0_0_0_0_0_0_32_31_30_29_28_0_16_15_14_13_12_11_0,0.823901894513,0.933027156128,0.987969010486,0.993850163079,1.0,1.0,0.295081967213,1.00004300649,PDB_01260.ct,GAAUUUACACAGUUAAAGUUGCAACUAUUGCUUGUAAAUUCCGUAAUAAGCAAUUUAACUG
7042.22533666,41_40_39_38_37_36_35_34_33_0_60_59_58_57_56_55_26_25_24_23_22_21_20_19_18_17_0_53_52_51_50_49_9_8_7_6_5_4_3_2_1_0_0_0_0_0_0_0_32_31_30_29_28_0_16_15_14_13_12_11_0,0.878226469639,0.952908336644,0.987969010486,0.993850163079,1.0,1.0,0.409836065574,1.00009301358,PDB_01260.ct,AAAUCGUAAGCCUGUGUCUUAUAAGACGGAAAUUACGAUUUCCACGAAUUUCCCCACAGGA
4444.32013889,41_40_39_38_37_36_35_34_33_0_60_59_58_57_56_55_26_25_24_23_22_21_20_19_18_17_0_53_52_51_50_49_9_8_7_6_5_4_3_2_1_0_0_0_0_0_0_0_32_31_30_29_28_0_16_15_14_13_12_11_0,0.856301468222,0.962459445726,1.0,1.0,1.0,1.0,0.606557377049,1.00012403137,PDB_01260.ct,UCCCGUACUUGCCGGUAGGGUACCCUCAUUCCAGUACGGGACGGUUUCGGAAUGACCGGCG
4762.09040179,41_40_39_38_37_36_35_34_33_0_60_59_58_57_56_55_26_25_24_23_22_21_20_19_18_17_0_53_52_51_50_49_9_8_7_6_5_4_3_2_1_0_0_0_0_0_0_0_32_31_30_29_28_0_16_15_14_13_12_11_0,0.864526621982,0.958794794564,1.0,1.0,1.0,1.0,0.393442622951,1.00008301419,PDB_01260.ct,ACAUUUGAAUAUGUCUAGCAGCUGCUACUCUGUUCAAAUGUUAGUCUGCAGAGUAGACAUC
4807.53863784,41_40_39_38_37_36_35_34_33_0_60_59_58_57_56_55_26_25_24_23_22_21_20_19_18_17_0_53_52_51_50_49_9_8_7_6_5_4_3_2_1_0_0_0_0_0_0_0_32_31_30_29_28_0_16_15_14_13_12_11_0,0.866701614298,0.964681252483,0.993984505243,1.0,1.0,1.0,0.55737704918,1.00011102665,PDB_01260.ct,GGACAUUACCCUCUCGUGGGUACCCAUCCACAGUAAUGUCCAGAGCUCUGUGGUCGAGAGG
5025.18115787,41_40_39_38_37_36_35_34_33_0_60_59_58_57_56_55_26_25_24_23_22_21_20_19_18_17_0_53_52_51_50_49_9_8_7_6_5_4_3_2_1_0_0_0_0_0_0_0_32_31_30_29_28_0_16_15_14_13_12_11_0,0.870289049653,0.950686529887,0.981953515729,0.993850163079,1.0,1.0,0.475409836066,1.00010101899,PDB_01260.ct,CAAGCUAGUGGUUGCCAAUCGCGAUUUUACGUACUAGCUUGUAGUCGUACGUAUGGCAACC
6172.40692386,41_40_39_38_37_36_35_34_33_0_60_59_58_57_56_55_26_25_24_23_22_21_20_19_18_17_0_53_52_51_50_49_9_8_7_6_5_4_3_2_1_0_0_0_0_0_0_0_32_31_30_29_28_0_16_15_14_13_12_11_0,0.878226469639,0.952908336644,0.975938020972,0.993850163079,1.0,1.0,0.540983606557,1.00009602228,PDB_01260.ct,AUUCGGCCGCAUUACCCGAAGCUUCGUUCCUCCGGCCGAAUUACAGUAGAGGACGGUAAUC
7633.08350867,41_40_39_38_37_36_35_34_33_0_60_59_58_57_56_55_26_25_24_23_22_21_20_19_18_17_0_53_52_51_50_49_9_8_7_6_5_4_3_2_1_0_0_0_0_0_0_0_32_31_30_29_28_0_16_15_14_13_12_11_0,0.880401461954,0.964681252483,0.993984505243,1.0,1.0,1.0,0.409836065574,1.00004000788,PDB_01260.ct,CGACACAUCCAGAACUACUUAUAAGUCCAUAAGAUGUGUCGCGACCAUUUAUGGAGUUCUU
3067.68414469,41_40_39_38_37_36_35_34_33_0_60_59_58_57_56_55_26_25_24_23_22_21_20_19_18_17_0_53_52_51_50_49_9_8_7_6_5_4_3_2_1_0_0_0_0_0_0_0_32_31_30_29_28_0_16_15_14_13_12_11_0,0.823139345237,0.927140698209,0.969922526215,1.0,1.0,1.0,0.622950819672,1.00013703577,PDB_01260.ct,AGGGACCCGGGGAGCGAGUAUAUACUGCCUACCGGGUCCCUGUAGGGAGUAGGUCGCUCCU
4463.9109298,41_40_39_38_37_36_35_34_33_0_60_59_58_57_56_55_26_25_24_23_22_21_20_19_18_17_0_53_52_51_50_49_9_8_7_6_5_4_3_2_1_0_0_0_0_0_0_0_32_31_30_29_28_0_16_15_14_13_12_11_0,0.856589201996,0.933027156128,0.969922526215,0.987700326158,1.0,1.0,0.655737704918,1.00010703296,PDB_01260.ct,CCAACCCGGCAAGCUCGCCCUAGGGCCACGUCCCGGGUUGGGUUGAGAGACGUUGAGCUUC
6249.83105469,41_40_39_38_37_36_35_34_33_0_60_59_58_57_56_55_26_25_24_23_22_21_20_19_18_17_0_53_52_51_50_49_9_8_7_6_5_4_3_2_1_0_0_0_0_0_0_0_32_31_30_29_28_0_16_15_14_13_12_11_0,0.899863737282,0.970567710403,1.0,1.0,1.0,1.0,0.524590163934,1.0001000187,PDB_01260.ct,CAGUGUUGACCUCCGUGAAAGCUUUCCUCUAGUCAACACUGCGCUGCACUAGACACGGAGA
3662.88654922,41_40_39_38_37_36_35_34_33_0_60_59_58_57_56_55_26_25_24_23_22_21_20_19_18_17_0_53_52_51_50_49_9_8_7_6_5_4_3_2_1_0_0_0_0_0_0_0_32_31_30_29_28_0_16_15_14_13_12_11_0,0.862351629667,0.944800071967,0.981953515729,0.993850163079,1.0,1.0,0.672131147541,1.00012803905,PDB_01260.ct,CCGGACGCCCGGGUCUGCGUGCACGCCCUCCUGGCGUCCGGAAUAUGUAGGAGUAGACCCU
6992.28651077,41_40_39_38_37_36_35_34_33_0_60_59_58_57_56_55_26_25_24_23_22_21_20_19_18_17_0_53_52_51_50_49_9_8_7_6_5_4_3_2_1_0_0_0_0_0_0_0_32_31_30_29_28_0_16_15_14_13_12_11_0,0.855176758956,0.964681252483,0.987969010486,0.993850163079,1.0,1.0,0.459016393443,1.00003400837,PDB_01260.ct,AUGCAGGCAAUACUUUUUGCGCGCAAUAUUCGUGCCUGCAUUUCCCAGCGAAUCAAAGUAC
3289.58222671,41_40_39_38_37_36_35_34_33_0_60_59_58_57_56_55_26_25_24_23_22_21_20_19_18_17_0_53_52_51_50_49_9_8_7_6_5_4_3_2_1_0_0_0_0_0_0_0_32_31_30_29_28_0_16_15_14_13_12_11_0,0.831364498998,0.933027156128,0.987969010486,0.993850163079,1.0,1.0,0.540983606557,1.00005501491,PDB_01260.ct,GACGCCCAGUCAAAGUCAACGCGUUGACUAGACUGGGCGUCAGAGACGUCUAGUACUUUGC
6172.59210904,41_40_39_38_37_36_35_34_33_0_60_59_58_57_56_55_26_25_24_23_22_21_20_19_18_17_0_53_52_51_50_49_9_8_7_6_5_4_3_2_1_0_0_0_0_0_0_0_32_31_30_29_28_0_16_15_14_13_12_11_0,0.899863737282,0.982340626242,1.0,1.0,1.0,1.0,0.459016393443,1.00010102041,PDB_01260.ct,UGAGUUCCGACCCACUUAUAGCUAUAUCUCUUCGGAACUCAUUAUGCGAAGAGUAGUGGGC
5847.70171533,41_40_39_38_37_36_35_34_33_0_60_59_58_57_56_55_26_25_24_23_22_21_20_19_18_17_0_53_52_51_50_49_9_8_7_6_5_4_3_2_1_0_0_0_0_0_0_0_32_31_30_29_28_0_16_15_14_13_12_11_0,0.871701492693,0.952908336644,0.981953515729,0.993850163079,1.0,1.0,0.508196721311,1.00010402226,PDB_01260.ct,UCGUAUACCCUCGACUGCUAAUUAGCUGCUGUGGUAUACGAGGACCGUACAGCCAGUCGAA
5101.77557037,41_40_39_38_37_36_35_34_33_0_60_59_58_57_56_55_26_25_24_23_22_21_20_19_18_17_0_53_52_51_50_49_9_8_7_6_5_4_3_2_1_0_0_0_0_0_0_0_32_31_30_29_28_0_16_15_14_13_12_11_0,0.907801157268,0.994113542081,1.0,1.0,1.0,1.0,0.590163934426,1.00013903447,PDB_01260.ct,CGUGCUGUGACCCCUCAGAGAUCUCUAGCGAACACAGCACGGAAUUCGUUCGCCGAGGGGU
3875.97679821,41_40_39_38_37_36_35_34_33_0_60_59_58_57_56_55_26_25_24_23_22_21_20_19_18_17_0_53_52_51_50_49_9_8_7_6_5_4_3_2_1_0_0_0_0_0_0_0_32_31_30_29_28_0_16_15_14_13_12_11_0,0.853001766641,0.976454168322,1.0,1.0,1.0,1.0,0.606557377049,1.00013003329,PDB_01260.ct,ACAACGGUGUUGCCCAUGGCCGGCCACGGGUACACCGUUGUAUUCGAAUACCCGUGGGCAG
5464.51926808,41_40_39_38_37_36_35_34_33_0_60_59_58_57_56_55_26_25_24_23_22_21_20_19_18_17_0_53_52_51_50_49_9_8_7_6_5_4_3_2_1_0_0_0_0_0_0_0_32_31_30_29_28_0_16_15_14_13_12_11_0,0.843651903615,0.970567710403,1.0,1.0,1.0,1.0,0.409836065574,1.00008601514,PDB_01260.ct,UUUGGACAAUCAGUUCACUAUAUAGUCUCUGUUUGUCCAAAACAGGAGACAGAGGAACUGG
4716.62704138,41_40_39_38_37_36_35_34_33_0_60_59_58_57_56_55_26_25_24_23_22_21_20_19_18_17_0_53_52_51_50_49_9_8_7_6_5_4_3_2_1_0_0_0_0_0_0_0_32_31_30_29_28_0_16_15_14_13_12_11_0,0.866701614298,0.950686529887,0.981953515729,0.993850163079,1.0,1.0,0.590163934426,1.00007702211,PDB_01260.ct,UUGUCAGCCCAUCACAGCCCCGGGGCUCACGAGGCUGACAAGGCUAAUUCGUGCUGUGAUC
5208.19787251,41_40_39_38_37_36_35_34_33_0_60_59_58_57_56_55_26_25_24_23_22_21_20_19_18_17_0_53_52_51_50_49_9_8_7_6_5_4_3_2_1_0_0_0_0_0_0_0_32_31_30_29_28_0_16_15_14_13_12_11_0,0.874639034284,0.964681252483,0.993984505243,1.0,1.0,1.0,0.393442622951,1.0000500109,PDB_01260.ct,AUCAUGGACGAGUAGUCGUGUACACGAUCAUUGUCCAUGAUUAUAACCAAUGAGACUACUA
6172.70977879,41_40_39_38_37_36_35_34_33_0_60_59_58_57_56_55_26_25_24_23_22_21_20_19_18_17_0_53_52_51_50_49_9_8_7_6_5_4_3_2_1_0_0_0_0_0_0_0_32_31_30_29_28_0_16_15_14_13_12_11_0,0.870001315879,0.923476047047,0.955621025795,0.970758217283,0.978756530905,0.987128493121,0.409836065574,1.00010901995,PDB_01260.ct,GUACUUGCUAACGGGAUAUAUAUAUAACUUCGAGCAAGUACUGAAUCUCGAAGGUCCCGUA
4347.99116848,41_40_39_38_37_36_35_34_33_0_60_59_58_57_56_55_26_25_24_23_22_21_20_19_18_17_0_53_52_51_50_49_9_8_7_6_5_4_3_2_1_0_0_0_0_0_0_0_32_31_30_29_28_0_16_15_14_13_12_11_0,0.905626164953,0.976454168322,0.987969010486,0.993850163079,1.0,1.0,0.491803278689,1.00012102324,PDB_01260.ct,ACACCUACAGUCGCUUUCAAAUUUGAAACGCCUGUAGGUGUAGGCAAUGGCGUCAAGCGAG
4974.82569851,41_40_39_38_37_36_35_34_33_0_60_59_58_57_56_55_26_25_24_23_22_21_20_19_18_17_0_53_52_51_50_49_9_8_7_6_5_4_3_2_1_0_0_0_0_0_0_0_32_31_30_29_28_0_16_15_14_13_12_11_0,0.868114057337,0.947021878725,0.987969010486,0.993850163079,1.0,1.0,0.524590163934,1.0000360094,PDB_01260.ct,CUGUGCUCGUCUAGACGGACGCGUCCCAAAAACGAGCACAGCAACAGGUUUUUAGUCUAGG
4291.49806163,41_40_39_38_37_36_35_34_33_0_60_59_58_57_56_55_26_25_24_23_22_21_20_19_18_17_0_53_52_51_50_49_9_8_7_6_5_4_3_2_1_0_0_0_0_0_0_0_32_31_30_29_28_0_16_15_14_13_12_11_0,0.855176758956,0.947021878725,0.993984505243,1.0,1.0,1.0,0.55737704918,1.00005901853,PDB_01260.ct,GGAGCCGAGAUAUAAAAGGCCGGCCUCGCUGGCUCGGCUCCUCAACAACCAGCAUUUAUAG
4545.28196023,41_40_39_38_37_36_35_34_33_0_60_59_58_57_56_55_26_25_24_23_22_21_20_19_18_17_0_53_52_51_50_49_9_8_7_6_5_4_3_2_1_0_0_0_0_0_0_0_32_31_30_29_28_0_16_15_14_13_12_11_0,0.839301918984,0.952908336644,0.987969010486,1.0,1.0,1.0,0.459016393443,1.00003700955,PDB_01260.ct,GGGUCGUCUUUUUGAAGGUUCGAACCCUGAAGAGACGACCCCUACUUCCUUCAAUUCAAAU
4385.92133642,41_40_39_38_37_36_35_34_33_0_60_59_58_57_56_55_26_25_24_23_22_21_20_19_18_17_0_53_52_51_50_49_9_8_7_6_5_4_3_2_1_0_0_0_0_0_0_0_32_31_30_29_28_0_16_15_14_13_12_11_0,0.863114178942,0.929362504967,0.963907031458,0.981550489236,0.987420386149,0.99356424656,0.44262295082,1.00003100738,PDB_01260.ct,CGCUGCAGCCCUUAGUGUUUUAAAACCUUUUGGCUGCAGCGGGAGAUACAAAAAACUAAGA
5988.14325193,41_40_39_38_37_36_35_34_33_0_60_59_58_57_56_55_26_25_24_23_22_21_20_19_18_17_0_53_52_51_50_49_9_8_7_6_5_4_3_2_1_0_0_0_0_0_0_0_32_31_30_29_28_0_16_15_14_13_12_11_0,0.893338760336,0.982340626242,1.0,1.0,1.0,1.0,0.459016393443,1.00013902044,PDB_01260.ct,UAUUAACUUUUGAGCAUAUGGCCAUAGCCGGGAAGUUAAUACGUUCCGCCCGGAUGCUCAU
4524.82804691,41_40_39_38_37_36_35_34_33_0_60_59_58_57_56_55_26_25_24_23_22_21_20_19_18_17_0_53_52_51_50_49_9_8_7_6_5_4_3_2_1_0_0_0_0_0_0_0_32_31_30_29_28_0_16_15_14_13_12_11_0,0.874639034284,0.976454168322,0.987969010486,1.0,1.0,1.0,0.55737704918,1.00011802761,PDB_01260.ct,CACCUUAGUAGGCGUAUGGCUAGCCAAGGUCAACUAAGGUGACAGGAGUGACCCUACGCCC
5235.32458459,41_40_39_38_37_36_35_34_33_0_60_59_58_57_56_55_26_25_24_23_22_21_20_19_18_17_0_53_52_51_50_49_9_8_7_6_5_4_3_2_1_0_0_0_0_0_0_0_32_31_30_29_28_0_16_15_14_13_12_11_0,0.881813904994,0.956572987806,0.993984505243,1.0,1.0,1.0,0.590163934426,1.00011702855,PDB_01260.ct,CCUCGCACGGGGGACAACAAAUUUGUACGGUACGUGCGAGGAUUCUCGUACCGCUGUCCCG
4545.3227983,41_40_39_38_37_36_35_34_33_0_60_59_58_57_56_55_26_25_24_23_22_21_20_19_18_17_0_53_52_51_50_49_9_8_7_6_5_4_3_2_1_0_0_0_0_0_0_0_32_31_30_29_28_0_16_15_14_13_12_11_0,0.858476460537,0.938913614048,0.987969010486,1.0,1.0,1.0,0.573770491803,1.00011102765,PDB_01260.ct,GAUCCCCAGUCCAGCUCUAUGCAUAGAUCUACCUGGGGAUCGGGGACGGUAGAAAGCUGGG
4201.40782898,41_40_39_38_37_36_35_34_33_0_60_59_58_57_56_55_26_25_24_23_22_21_20_19_18_17_0_53_52_51_50_49_9_8_7_6_5_4_3_2_1_0_0_0_0_0_0_0_32_31_30_29_28_0_16_15_14_13_12_11_0,0.872464041968,0.976454168322,0.993984505243,1.0,1.0,1.0,0.540983606557,1.00006902091,PDB_01260.ct,GGUGGACCCCGUAACCUGGGAUCCCAGUAGAUGGGUCCACCUGUGCAAAUCUAUGGUUACA
5291.05301683,41_40_39_38_37_36_35_34_33_0_60_59_58_57_56_55_26_25_24_23_22_21_20_19_18_17_0_53_52_51_50_49_9_8_7_6_5_4_3_2_1_0_0_0_0_0_0_0_32_31_30_29_28_0_16_15_14_13_12_11_0,0.826076886828,0.941135420806,0.981953515729,0.993850163079,1.0,1.0,0.409836065574,1.00008301494,PDB_01260.ct,GACUAAACGCAAAACCUUAGUACUAAAAGGAGCGUUUAGUCUAGACCCCUCCUAGGUUUUU
5025.11049204,41_40_39_38_37_36_35_34_33_0_60_59_58_57_56_55_26_25_24_23_22_21_20_19_18_17_0_53_52_51_50_49_9_8_7_6_5_4_3_2_1_0_0_0_0_0_0_0_32_31_30_29_28_0_16_15_14_13_12_11_0,0.880401461954,0.970567710403,1.0,1.0,1.0,1.0,0.44262295082,1.00008901799,PDB_01260.ct,UAUGUUGAGGGACCAUUGACUAGUCAGAGGUACUCAACAUAGAGCCCAUACCUAAUGGUCU
5291.00010677,41_40_39_38_37_36_35_34_33_0_60_59_58_57_56_55_26_25_24_23_22_21_20_19_18_17_0_53_52_51_50_49_9_8_7_6_5_4_3_2_1_0_0_0_0_0_0_0_32_31_30_29_28_0_16_15_14_13_12_11_0,0.860939186627,0.976454168322,1.0,1.0,1.0,1.0,0.491803278689,1.00010301957,PDB_01260.ct,UAUAGUGUGACUGUAUCGAACGUUCGACAGGCCACACUAUAUGGCAGCGCCUGAAUACAGC
5025.15603224,41_40_39_38_37_36_35_34_33_0_60_59_58_57_56_55_26_25_24_23_22_21_20_19_18_17_0_53_52_51_50_49_9_8_7_6_5_4_3_2_1_0_0_0_0_0_0_0_32_31_30_29_28_0_16_15_14_13_12_11_0,0.849414331285,0.944800071967,0.975938020972,0.993850163079,1.0,1.0,0.508196721311,1.00013102528,PDB_01260.ct,UUCACAACGACCCAGCAACGAUCGUUCUGUCUCGUUGUGAAGCUCAACAGACAAGCUGGGA
6329.08239987,41_40_39_38_37_36_35_34_33_0_60_59_58_57_56_55_26_25_24_23_22_21_20_19_18_17_0_53_52_51_50_49_9_8_7_6_5_4_3_2_1_0_0_0_0_0_0_0_32_31_30_29_28_0_16_15_14_13_12_11_0,0.863114178942,0.958794794564,0.987969010486,0.993850163079,1.0,1.0,0.377049180328,1.00010701744,PDB_01260.ct,GCAUAUUAAUUGUCCAUCAAAUUUGAGCAGGAUUAAUAUGCACAUCGUUCCUGCUGGACAU
5075.87805536,41_40_39_38_37_36_35_34_33_0_60_59_58_57_56_55_26_25_24_23_22_21_20_19_18_17_0_53_52_51_50_49_9_8_7_6_5_4_3_2_1_0_0_0_0_0_0_0_32_31_30_29_28_0_16_15_14_13_12_11_0,0.851589323601,0.930805349371,0.961636520552,0.981550489236,0.993710193075,1.0,0.540983606557,1.00006901719,PDB_01260.ct,UAGGAGGACCUGCAAAGCUAGCUAGCCCAUCGGUCCUCCUAGCCUUCCCGAUGAUUUGCAA
6849.21899915,41_40_39_38_37_36_35_34_33_0_60_59_58_57_56_55_26_25_24_23_22_21_20_19_18_17_0_53_52_51_50_49_9_8_7_6_5_4_3_2_1_0_0_0_0_0_0_0_32_31_30_29_28_0_16_15_14_13_12_11_0,0.858476460537,0.952908336644,0.987969010486,0.993850163079,1.0,1.0,0.393442622951,1.00012301969,PDB_01260.ct,UGCUUUCAUAGGCUAUAAAACGUUUUAUCCGGAUGAAAGCAUAUCUGACCGGAUAUAGCCU
5746.59190039,41_40_39_38_37_36_35_34_33_0_60_59_58_57_56_55_26_25_24_23_22_21_20_19_18_17_0_53_52_51_50_49_9_8_7_6_5_4_3_2_1_0_0_0_0_0_0_0_32_31_30_29_28_0_16_15_14_13_12_11_0,0.88398889731,0.976454168322,1.0,1.0,1.0,1.0,0.524590163934,1.00008702324,PDB_01260.ct,GAUCUCCUCGGCCAACUUCCCGGGAACUAUGAGAGGAGAUCAAACCCAUCAUACGUUGGCU
6711.12758371,41_40_39_38_37_36_35_34_33_0_60_59_58_57_56_55_26_25_24_23_22_21_20_19_18_17_0_53_52_51_50_49_9_8_7_6_5_4_3_2_1_0_0_0_0_0_0_0_32_31_30_29_28_0_16_15_14_13_12_11_0,0.881813904994,0.982340626242,0.993984505243,1.0,1.0,1.0,0.491803278689,1.00009801872,PDB_01260.ct,GCCAAAACUAGUCGUGAAAGAUCUUUGUGUACAGUUUUGGCCCGGUGGGUACAACACGACG
6328.60771634,41_40_39_38_37_36_35_34_33_0_60_59_58_57_56_55_26_25_24_23_22_21_20_19_18_17_0_53_52_51_50_49_9_8_7_6_5_4_3_2_1_0_0_0_0_0_0_0_32_31_30_29_28_0_16_15_14_13_12_11_0,0.865939065022,0.964681252483,1.0,1.0,1.0,1.0,0.393442622951,1.00003400809,PDB_01260.ct,AAGCCACUGGAACUAUUUGCAUGCAACUUUCGCAGUGGCUUAGUGAAACGAAAAAUAGUUU
3890.92206351,41_40_39_38_37_36_35_34_33_0_60_59_58_57_56_55_26_25_24_23_22_21_20_19_18_17_0_53_52_51_50_49_9_8_7_6_5_4_3_2_1_0_0_0_0_0_0_0_32_31_30_29_28_0_16_15_14_13_12_11_0,0.853838742132,0.944800071967,0.981953515729,1.0,1.0,1.0,0.606557377049,1.00009602785,PDB_01260.ct,AUAGGCCGGAUCAGUAUCGGCGCCGAGCCACGCCGGCCUAUUAAGUGGCGUGGCUACUGAU
9433.19747895,41_40_39_38_37_36_35_34_33_0_60_59_58_57_56_55_26_25_24_23_22_21_20_19_18_17_0_53_52_51_50_49_9_8_7_6_5_4_3_2_1_0_0_0_0_0_0_0_32_31_30_29_28_0_16_15_14_13_12_11_0,0.876814026599,0.958794794564,0.993984505243,1.0,1.0,1.0,0.360655737705,1.00007601422,PDB_01260.ct,UUAGGAUUAUGAAGCGAACCUAGGUUAUGUAUUAAUCCUAAAACCAAGAUACAGCGCUUCA
7041.90128295,41_40_39_38_37_36_35_34_33_0_60_59_58_57_56_55_26_25_24_23_22_21_20_19_18_17_0_53_52_51_50_49_9_8_7_6_5_4_3_2_1_0_0_0_0_0_0_0_32_31_30_29_28_0_16_15_14_13_12_11_0,0.868114057337,0.940356458452,0.981953515729,0.993850163079,1.0,1.0,0.44262295082,1.00009101748,PDB_01260.ct,AGCUGUUCUCGGUCCAUACUUAAGUACUAGAUAGAACAGCUAGAUCAGAUCUACUGGACCG
4566.16453443,41_40_39_38_37_36_35_34_33_0_60_59_58_57_56_55_26_25_24_23_22_21_20_19_18_17_0_53_52_51_50_49_9_8_7_6_5_4_3_2_1_0_0_0_0_0_0_0_32_31_30_29_28_0_16_15_14_13_12_11_0,0.864526621982,0.964681252483,1.0,1.0,1.0,1.0,0.475409836066,1.00008501947,PDB_01260.ct,UGCAAAUAUGGUGAGUGGGGGCCCCCUCUAUCAUAUUUGCAGUAGUCUGAUAGUACUCACG
4629.26380715,41_40_39_38_37_36_35_34_33_0_60_59_58_57_56_55_26_25_24_23_22_21_20_19_18_17_0_53_52_51_50_49_9_8_7_6_5_4_3_2_1_0_0_0_0_0_0_0_32_31_30_29_28_0_16_15_14_13_12_11_0,0.88975132498,0.964681252483,0.993984505243,1.0,1.0,1.0,0.540983606557,1.00005101505,PDB_01260.ct,GUCGUACCCGCCUGAAGGGUGCACCCGGUUUUGGGUACGACAACAAAGAAAACAUUCAGGC
6409.74333287,41_40_39_38_37_36_35_34_33_0_60_59_58_57_56_55_26_25_24_23_22_21_20_19_18_17_0_53_52_51_50_49_9_8_7_6_5_4_3_2_1_0_0_0_0_0_0_0_32_31_30_29_28_0_16_15_14_13_12_11_0,0.88975132498,0.970567710403,0.987969010486,0.993850163079,1.0,1.0,0.44262295082,1.00003900921,PDB_01260.ct,CGGUUUCAACCAUGGAGCCGAUCGGCAAUAAAUUGAAACCGACAAAGAUUUAUGUCCAUGG
5405.27576014,41_40_39_38_37_36_35_34_33_0_60_59_58_57_56_55_26_25_24_23_22_21_20_19_18_17_0_53_52_51_50_49_9_8_7_6_5_4_3_2_1_0_0_0_0_0_0_0_32_31_30_29_28_0_16_15_14_13_12_11_0,0.84723933897,0.952908336644,0.987969010486,1.0,1.0,1.0,0.508196721311,1.00010302153,PDB_01260.ct,AUGAUCCGUCCGGUACACGAGCUCGUAUCUCAACGGAUCAUUGUAUCCUGAGAGGUACCGU
3984.07949624,41_40_39_38_37_36_35_34_33_0_60_59_58_57_56_55_26_25_24_23_22_21_20_19_18_17_0_53_52_51_50_49_9_8_7_6_5_4_3_2_1_0_0_0_0_0_0_0_32_31_30_29_28_0_16_15_14_13_12_11_0,0.820602192932,0.938913614048,0.987969010486,1.0,1.0,1.0,0.639344262295,1.00013703385,PDB_01260.ct,CAAUUUGCCAAGGUAGGCGGUACCGCUGGGCGGGCAAAUUGGGGCAUGCGCCCCCUACCUG
7041.61959281,41_40_39_38_37_36_35_34_33_0_60_59_58_57_56_55_26_25_24_23_22_21_20_19_18_17_0_53_52_51_50_49_9_8_7_6_5_4_3_2_1_0_0_0_0_0_0_0_32_31_30_29_28_0_16_15_14_13_12_11_0,0.901276180322,0.994113542081,1.0,1.0,1.0,1.0,0.475409836066,1.0001060246,PDB_01260.ct,GAGUAAUGAAUCUCUGGACGGCCGUCAUACGCUCAUUACUCGAUCCUAGCGUAUCAGAGAA
4830.81639807,41_40_39_38_37_36_35_34_33_0_60_59_58_57_56_55_26_25_24_23_22_21_20_19_18_17_0_53_52_51_50_49_9_8_7_6_5_4_3_2_1_0_0_0_0_0_0_0_32_31_30_29_28_0_16_15_14_13_12_11_0,0.868114057337,0.970567710403,0.987969010486,0.993850163079,1.0,1.0,0.491803278689,1.00006001368,PDB_01260.ct,GUUUGUGCAGCUUAGAGUGAGCUCACGGUAGUUGCACAAACUUGGCUCACUACCUCUAAGC
4651.07449128,41_40_39_38_37_36_35_34_33_0_60_59_58_57_56_55_26_25_24_23_22_21_20_19_18_17_0_53_52_51_50_49_9_8_7_6_5_4_3_2_1_0_0_0_0_0_0_0_32_31_30_29_28_0_16_15_14_13_12_11_0,0.841476911299,0.922697084694,0.963907031458,0.975400652315,0.987420386149,0.99356424656,0.508196721311,1.0001000234,PDB_01260.ct,AUGGGACUGAAUUGGCAUGCAUGCAUUCGACUCAGUCCCAUGGUAGUCAGUCGCGCCAAUA
5263.25246711,41_40_39_38_37_36_35_34_33_0_60_59_58_57_56_55_26_25_24_23_22_21_20_19_18_17_0_53_52_51_50_49_9_8_7_6_5_4_3_2_1_0_0_0_0_0_0_0_32_31_30_29_28_0_16_15_14_13_12_11_0,0.897688744967,0.970567710403,0.993984505243,1.0,1.0,1.0,0.426229508197,1.00009201583,PDB_01260.ct,AAAUCGAGCAUCUACUAACAAUUGUUGGGUCUGCUCGAUUUUGGCAUCAGACCAAGUAGAC
4974.86067986,41_40_39_38_37_36_35_34_33_0_60_59_58_57_56_55_26_25_24_23_22_21_20_19_18_17_0_53_52_51_50_49_9_8_7_6_5_4_3_2_1_0_0_0_0_0_0_0_32_31_30_29_28_0_16_15_14_13_12_11_0,0.904863615677,0.976454168322,1.0,1.0,1.0,1.0,0.475409836066,1.0000480122,PDB_01260.ct,UUGGCAGCCUAGAUAAACGUGCACGUAACUCAGGCUGCCAACGGCACAUGAGUUUUAUCUU
